Id,ContactId,AccountId,ParentId,Errors
5005e000002hbEMAAY,0035e00000CpqSsAAJ,0015e00000Gc3VsAAJ,,
5005e000002hbENAAY,0035e00000CpqStAAJ,0015e00000Gc3VrAAJ,,
5005e000002hbEOAAY,0035e00000CpqSuAAJ,0015e00000Gc3VqAAJ,,
5005e000002hbEPAAY,0035e00000CpqSvAAJ,0015e00000Gc3VpAAJ,,
5005e000002hbEQAAY,0035e00000CpqSwAAJ,0015e00000Gc3VoAAJ,,
5005e000002hbERAAY,0035e00000CpqSrAAJ,0015e00000Gc3VjAAJ,,
5005e000002hbESAAY,0035e00000CpqSwAAJ,0015e00000Gc3VoAAJ,,
5005e000002hbETAAY,0035e00000CpqSwAAJ,0015e00000Gc3VoAAJ,,
5005e000002hbEUAAY,0035e00000CpqSwAAJ,0015e00000Gc3VoAAJ,,
5005e000002hbEVAAY,0035e00000CpqSwAAJ,0015e00000Gc3VoAAJ,,
5005e000002hbEWAAY,0035e00000CpqSwAAJ,0015e00000Gc3VoAAJ,,
5005e000002hbEXAAY,0035e00000CpqSwAAJ,0015e00000Gc3VoAAJ,,
5005e000002hbEYAAY,0035e00000CpqSwAAJ,0015e00000Gc3VoAAJ,,
5005e000002hbEZAAY,0035e00000CpqSwAAJ,0015e00000Gc3VoAAJ,,
5005e000002hbEaAAI,0035e00000CpqSwAAJ,0015e00000Gc3VoAAJ,,
